title,year,box_office,post_url,post_date,vader_neg,vader_neu,vader_pos,vader_compound
Star Wars: Episode VIII - The Last Jedi,2017,"$1,332,539,889 ",https://www.reddit.com/r/movies/comments/7jwxnd/official_discussion_star_wars_episode_viii_the/,2017-12-14,0.17244921920124337,0.6158575029142118,0.21169215420644172,0.03514126734087353
Jumanji: Welcome to the Jungle,2017,"$962,077,546 ",https://www.reddit.com/r/movies/comments/7l6gel/official_discussion_jumanji_welcome_to_the_jungle/,2017-12-20,0.11033611574846967,0.6108464106844741,0.2788196994991653,0.30002253756260433
Thor: Ragnarok,2017,"$853,977,126 ",https://www.reddit.com/r/movies/comments/7agfes/official_discussion_thor_ragnarok_us_release/,2017-11-02,0.12360478359908884,0.6273261958997722,0.24906856492027335,0.21456863325740316
Avengers: Infinity War,2018,"$2,048,359,754 ",https://www.reddit.com/r/movies/comments/8f84h0/official_discussion_avengers_infinity_war_spoilers/,2018-04-26,0.15548075454808727,0.6335427033146408,0.2109748045178106,0.06891196982860753
Black Panther,2018,"$1,346,913,161 ",https://www.reddit.com/r/movies/comments/7xvumf/official_discussion_black_panther_spoilers/,2018-02-15,0.14952448579823702,0.6145284035259551,0.2359515670910872,0.14948778648383934
Jurassic World: Fallen Kingdom,2018,"$1,308,467,944 ",https://www.reddit.com/r/movies/comments/8sxn3q/official_discussion_jurassic_world_fallen_kingdom/,2018-06-21,0.15504579517069111,0.6349114071606994,0.21004146544546212,0.07535478767693589
Incredibles 2,2018,"$1,242,805,359 ",https://www.reddit.com/r/movies/comments/8r7d6q/official_discussion_incredibles_2_spoilers/,2018-06-14,0.12297244360394435,0.6348950425503175,0.24212967715790895,0.2249059570444414
Aquaman,2018,"$1,148,461,807 ",https://www.reddit.com/r/movies/comments/a6qh98/official_discussion_aquaman_us_release_spoilers/,2018-12-20,0.13518631813125695,0.6121040044493883,0.2527093993325918,0.21406220800889877
Bohemian Rhapsody,2018,"$903,655,259 ",https://www.reddit.com/r/movies/comments/9t6lw5/official_discussion_bohemian_rhapsody_spoilers/,2018-11-01,0.10028101164191089,0.6470558008831794,0.2526475311120032,0.31008065034122845
Venom,2018,"$856,085,151 ",https://www.reddit.com/r/movies/comments/9li7ex/official_discussion_venom_spoilers/,2018-10-04,0.14891626833690458,0.5916881490028021,0.2593983847041371,0.18770937860557113
Mission: Impossible - Fallout,2018,"$791,115,104 ",https://www.reddit.com/r/movies/comments/928hh5/official_discussion_mission_impossible_fallout/,2018-07-26,0.11988052014934983,0.6556706579116777,0.22444792069009917,0.178779670400412
Deadpool 2,2018,"$734,546,611 ",https://www.reddit.com/r/movies/comments/8k9ob3/official_discussion_deadpool_2_spoilers/,2018-05-17,0.12786250180349154,0.625001875631222,0.2471373539171837,0.17476066224210068
Fantastic Beasts: The Crimes of Grindelwald,2018,"$654,855,901 ",https://www.reddit.com/r/movies/comments/9x2e23/official_discussion_fantastic_beasts_the_crimes/,2018-11-15,0.14269134938409853,0.6475253359462486,0.20978429451287794,0.1282127379619261
Avengers: Endgame,2019,"$2,797,501,328 ",https://www.reddit.com/r/movies/comments/bh8iei/official_discussion_avengers_endgame_spoilers/,2019-04-25,0.11828339266039496,0.6857606047122637,0.19595525044495293,0.12332591851004325
The Lion King,2019,"$1,656,943,394 ",https://www.reddit.com/r/movies/comments/cew5fw/official_discussion_the_lion_king_2019_spoilers/,2019-07-18,0.12639639468690703,0.6139510436432637,0.2596519924098672,0.2603276091081594
Frozen II,2019,"$1,450,026,933 ",https://www.reddit.com/r/movies/comments/dzlju6/official_discussion_frozen_ii_spoilers/,2019-11-21,0.11029850308189024,0.6498098033460522,0.23989903140592897,0.24752864690343412
Spider-Man: Far from Home,2019,"$1,131,927,996 ",https://www.reddit.com/r/movies/comments/c7xhmz/official_discussion_spiderman_far_from_home/,2019-07-02,0.13042645065075922,0.6444175704989155,0.22515862255965294,0.15865250813449028
Captain Marvel,2019,"$1,128,274,794 ",https://www.reddit.com/r/movies/comments/ay9785/official_discussion_captain_marvel_spoilers/,2019-03-07,0.1359753596651844,0.6224287208998168,0.2415988490714099,0.21073472142296626
Joker,2019,"$1,074,251,311 ",https://www.reddit.com/r/movies/comments/dd0ynj/official_discussion_joker_spoilers/,2019-10-03,0.1545397144580736,0.6048868389302232,0.24057329579730546,0.11545838528051479
Star Wars: Episode IX - The Rise of Skywalker,2019,"$1,074,144,248 ",https://www.reddit.com/r/movies/comments/ed3a6g/official_discussion_star_wars_episode_ix_the_rise/,2019-12-19,0.15658190766772,0.6247860411899313,0.21863412153572337,0.07632725473103048
Toy Story 4,2019,"$1,073,394,593 ",https://www.reddit.com/r/movies/comments/c2ntqo/official_discussion_toy_story_4_spoilers/,2019-06-20,0.10641934897254048,0.6524731769412621,0.24110110929259868,0.2869180396435716
Aladdin,2019,"$1,050,693,953 ",https://www.reddit.com/r/movies/comments/bs6oiv/official_discussion_aladdin_2019_spoilers/,2019-05-23,0.10866227781435155,0.6207685977616854,0.27057735352205403,0.3312525674786044
Jumanji: The Next Level,2019,"$800,059,707 ",https://www.reddit.com/r/movies/comments/e9pgvc/official_discussion_jumanji_the_next_level/,2019-12-12,0.1007215777262181,0.6586071152358856,0.2406535189481825,0.27314060324825984
